title,link,published,source,source_type,keywords
一卡通全球 Wireless Logic助IoT裝置暢行無阻 - 電子工程專輯,https://news.google.com/rss/articles/CBMiiwFBVV95cUxOMHZ0eFhiTUhOUzBBblYteHZDZG5jQlh4OEpmNFVxbHZTVEZqeGg1YWVFazV5SDdyQWxwM0ZXcDh4cjdMLTBGbmNMOHl2d1ZKQWJ2Mm92bUdndk54dGIxT3d6OW1QMVNTc3h3SmhUc0hldlV6Zzk0VktXTEhTS1M5a0pRZ281T2l4dndV?oc=5,"Thu, 11 Jun 2026 02:01:17 GMT",Google News Taiwan IoT,iot_tw,iot
大葉大學資工系奪金 AIoT電能監測助攻企業節能減碳 - 觀傳媒,https://news.google.com/rss/articles/CBMiV0FVX3lxTE91c0lSVTBGVUFDOUVILWM5NFZERElKTm9UQjd6WVJQVGQwQUFVcWlJUWJzMUQwamZiTWtfNlpveGdaZkdidUdEdlB0Uk5HOW5nM2JMaDJINA?oc=5,"Tue, 09 Jun 2026 13:08:56 GMT",Google News Taiwan IoT,iot_tw,iot
昇頻聚焦AIoT資安韌性以廣域物聯網打造智慧城市基礎- 商情 - 工商時報,https://news.google.com/rss/articles/CBMiX0FVX3lxTE9fWDVNTHQwWnVsbURaTG1majBBRFJ4elFWUWRSNWRQQmVIYnBscEE2VzZZRXY4ZU4yNmkza2ZTYXFkRmQ1Z3VqekJfVEltX2JxRHI2NHdITWY3bE50V2M0?oc=5,"Fri, 13 Mar 2026 07:00:00 GMT",Google News Taiwan IoT,iot_tw,iot
物聯智慧 AIoT 物聯網平台 海外拓展於東南亞再下一城 - news.cnyes.com,https://news.google.com/rss/articles/CBMiT0FVX3lxTE1XdC1qN0Ruek9CSm5wVUhRSENaT2xoN2hBUWdiR2xQMkkyOE85X09qT3lxRTRjLUs1el80OVIyRllBcVJXdjAtMVlJbHNNZXM?oc=5,"Wed, 08 Apr 2026 07:00:00 GMT",Google News Taiwan IoT,iot_tw,iot
物聯網 (IoT) 市場規模、份額和成長趨勢報告（2035 年） - Research Nester,https://news.google.com/rss/articles/CBMiggFBVV95cUxNbkV3ODYyejBlRlRKRk9uajl3LTBqR05XbzJ5eXk0dWd5ZWxfcXJzQS0tSVd1RTFwVHhCbjI4bzRxekhNUE95X2tlY1p4NEJPRDRaVFBvVWRSX0xTb2xfaW1BelN5dHBnYVBBWWh6SXZqb25RQnFkNzZtd0trLWc0Zk93?oc=5,"Mon, 08 Sep 2025 07:00:00 GMT",Google News Taiwan IoT,iot_tw,iot
神盾衛星攜手Sateliot 推全球混合衛星物聯網 - news.cnyes.com,https://news.google.com/rss/articles/CBMiT0FVX3lxTFBYZnQ4aXhSaWNvWUxCNmdDMGctcVFxTDZLTlNIenNReS1uTFNrd2g4b2VyWmNzdGhHUnk4aWQ3M21uczhkMG16bzFZM3RZNWc?oc=5,"Wed, 04 Mar 2026 08:00:00 GMT",Google News Taiwan IoT,iot_tw,iot
神盾衛星宣布攜手 Sateliot，推動全球 Hybrid 衛星物聯網應用 - TechNews 科技新報,https://news.google.com/rss/articles/CBMi1AFBVV95cUxNY1Z2LVM3d09NWmlpcm1SNGI3LWFYZjB0bjR0LVFKRFJuSDJ6alVpbXhZU2c4NU5HZDQyRnozMXRZWjZITVJfMU1DN05yU0J3cHNHU0Q4Q0VEZVN0eERwaU9pVU1FXzJqc242RHJ2YlZtc0VtYWtFRHFPeWVoU3ZwSzZGcy1SSzNURzRjcDJ1RGZsWjZDTzFaNjdkc2tLTkJIUGcxQUFfZmk2R0JIUzAyS0libUN1amNrTE53RVd0andZUG9hd1NfT0xoNjIzdDhiMGtvaA?oc=5,"Wed, 04 Mar 2026 08:00:00 GMT",Google News Taiwan IoT,iot_tw,iot
Cellular IoT連線持續成長 迎接物聯網生態轉型 - 電子工程專輯,https://news.google.com/rss/articles/CBMiiwFBVV95cUxNZVhtX2RPSzJ5X1VLY21WSThQZ1FvdnpzZ0ZFbkR4eVVsaWEwek5aNTBabURraVBMc2FiaUNQYzQ2LWh2NThSMVJPTzdRTC1HR2plUmktdC16MDF6ZUxwQUNjZlREZVc5SWtlSGpZRGRYdmI0NWVZOV9DbUFnaGpRVTRDSFhiN0JMWVRR?oc=5,"Fri, 31 Oct 2025 07:00:00 GMT",Google News Taiwan IoT,iot_tw,iot
物聯智慧運用中華電信與Google Cloud雲端平台打造核心服務，引領AIoT創新聯網新視野 - cht.com.tw,https://news.google.com/rss/articles/CBMifEFVX3lxTE92dC1nRnFSbmZuQmtNVVlBSXU3Q1V2NGdzaUp5N3JqcGRFbXMtWmh0R0NnZnJnRGtXOUVUUEdpUTNuWmY2OS10bE91OGZFMnJ3TUhmSGpmUGhqT0E4dDd2Z0Y3aktaWTFzWW8wQzM3ZnktQ01DT2xpc0NnUGg?oc=5,"Fri, 03 Oct 2025 07:00:00 GMT",Google News Taiwan IoT,iot_tw,iot
臺灣AIoT能量全面綻放 「物聯網智造基地」八年成果引領智造新時代 | 陳又嘉 | 地方新聞 - 風傳媒,https://news.google.com/rss/articles/CBMiTkFVX3lxTE9lVU1wSjVhaTY1dnQ1b1QzU2preXZxLVJUSzZHSnBYVENvOU1KbWxyT2JtSE1JUEwtMHI5TDIwVmNNTlZQdlFtTHkzVjRGdw?oc=5,"Wed, 29 Oct 2025 07:00:00 GMT",Google News Taiwan IoT,iot_tw,iot
歐盟CRA法規將上路 聯發科攜Exein推IoT資安解決方案 - 自由財經,https://news.google.com/rss/articles/CBMiX0FVX3lxTE9OTzItelRwMURtblZvVjBBSWFVaDVfaFNqdFNLZjhmUmJFSkpHei1QbVVoMUx4cEZ5ZUdwdUNhbnM5VXk2a3FlUWVGeWh6VXBTeGtqQnhRcjRWNkQxVVhj?oc=5,"Thu, 12 Mar 2026 07:00:00 GMT",Google News Taiwan IoT,iot_tw,iot
神盾衛星攜手Sateliot 推全球混合衛星物聯網 - 優分析UAnalyze,https://news.google.com/rss/articles/CBMiVkFVX3lxTE9sdkNqam1ZOTNIWlJyRm52NXpoTmdNdzBVTkJuTTVGekRaNEtwVlZNTGdobGxhMU1EeHRENnVwMW5tbFUwR2NfZnNOSjFkblFpdm14Z1FR?oc=5,"Wed, 04 Mar 2026 08:00:00 GMT",Google News Taiwan IoT,iot_tw,iot
聯發科擴大IoT業務規模 智慧零售方案前進全美零售聯盟大會 - DIGITIMES,https://news.google.com/rss/articles/CBMijgFBVV95cUxQRjNKLUJRMHN6V1lpZmJJSC1oSTZKUG50ZENMaFNWUHFrUUgwWmp4OW02a1lBUlZFNGlYYnpzUGJsSnNJSFVPSE9FTm9iWF9VNVV1aExZZmYtNUpIdHpHX2xxcGdORjdUdFkzSndJYzNhTUtSWWZzaUtFN1oyV0NPVWptOXNpR1prLTUyaWt3?oc=5,"Wed, 14 Jan 2026 08:00:00 GMT",Google News Taiwan Smart Retail,retail_tw,iot
聯發科NRF 2026亮相 發表智慧零售IoT平台 - MoneyDJ,https://news.google.com/rss/articles/CBMikgFBVV95cUxOd2ZLX3plQjdKTklCbnhmRzlZUm9uSUJacFF1d1BvMTlkRWYxb0lrSWZacTIxUFgxM0I0QVRmdTdSQTdZc1VVVl9HV0FvcVhDU0VSLWlBajFtLW5FRkxxWUYzY3BtdHNPUUtLSG9IbHBxQ2pnN2t0R2hUaEEyZTZjT2ZvRGgxNUV2blNJQU9vUkdoQQ?oc=5,"Tue, 13 Jan 2026 08:00:00 GMT",Google News Taiwan Smart Retail,retail_tw,iot
亞仕達發表AIoT 互動商顯方案搶攻智慧零售與工業自動化商機- 商情 - 工商時報,https://news.google.com/rss/articles/CBMiX0FVX3lxTFB0MEhaQWRRRkpGT29wWHZnNVNsOWdNWXRfQnVUMmMwUjJmSjRHV1JwWGhwLXVaTU9wVHpKZ2ZXZFMzM096YkZKZzIxS2lkSmkzbWlCTEtLSElWYzlYMmxJ?oc=5,"Thu, 02 Apr 2026 07:00:00 GMT",Google News Taiwan Smart Retail,retail_tw,iot
達發科技於 Computex 2026 攜手元太科技全球首展 4.2 吋 Ripple 電子貨架標籤 (ESL) 應用 - 電子工程專輯,https://news.google.com/rss/articles/CBMidEFVX3lxTE15elU5bkZWT09NN0xhekI5a1BZczNOaU1IUUJRaTcwbkppNmZJRWZyYTNxS3FSWXpwOW43RWMyaU9fYWJudzByUk9seFUtS0FZcG16bUZNNlJRcWJpUmZkY1lrUnF0YTZmSDB3X1hOQWNEMHVQ?oc=5,"Wed, 10 Jun 2026 11:06:33 GMT",Google News Taiwan Electronic Shelf Label,esl_tw,esl
達發搶攻電子貨架標籤市場 COMPUTEX與元太展4.2吋Ripple ESL - DIGITIMES,https://news.google.com/rss/articles/CBMijgFBVV95cUxPb3BpQ0x3blFkbTBVSml1VjN1cDNOZlVoSU9jV2ktN0VlMGt5REczdDhETkp3dkIxUHllc3JCNXJiVVY0Qy1Xb0hPV20xR2Q0U1BLSmlrYmh4M0R3clpHb0hIY3lQTlVzZjBrWXNhM2RfU3NpZkZIX09ZeHNoM3RJTkZMOWF1OGNBTjhoVVBn?oc=5,"Mon, 01 Jun 2026 07:00:00 GMT",Google News Taiwan Electronic Shelf Label,esl_tw,esl
美廉社門市全面導入電子貨架標籤(ESL) 雲創通訊、元太科技、三商家購策略合作打造「智慧新零售」計畫| 唐可欣 | 地方新聞 - 風傳媒,https://news.google.com/rss/articles/CBMiTEFVX3lxTFBqeHRrSkJJVENrd0RqSS1fdGdwYm5KTlVtSlFhZWRQVlA3b1Via080WU9VeWZJeEE2N293VWU2dEpxTEhJNDhnSnNJMWQ?oc=5,"Thu, 17 Oct 2024 07:00:00 GMT",Google News Taiwan Electronic Shelf Label,esl_tw,esl
法國超商都用上！雲創通訊從電子貨架標籤做起，帶著IoT夢闖歐洲 - 數位時代,https://news.google.com/rss/articles/CBMiX0FVX3lxTE9LZVhVbGRWc1RwRmxsdGctY3NJTVY3STIyT1FURGdKLXJjRjJ5ZFNQN3FmLUo4cTVlRjlNdDJIUExMYy1qNXBUSVF0NVdsSTlqMm9iMzRKM3JGQ3d1UkZV?oc=5,"Thu, 28 Feb 2019 08:00:00 GMT",Google News Taiwan Electronic Shelf Label,esl_tw,iot
Walmart Caught In ESL Controversy As Legislators Move Against Digital Shelf Labels - Forbes,https://news.google.com/rss/articles/CBMi0AFBVV95cUxPVDlicEk5M3hyWjd5d3NMQ2RnV1ZGdVpXcUJvOGM3Nnp1enFpSFJEUFd3X0t6SFZTaUF6MnAxc0w3bjRPR0NtOUhFTHZraUgzU2I2UnB0UFpQZnJpUllMOEpKOTRuR3BPVzF6ZEgtQmhlaEgxY3BzTUk4YUk5MV9PU210dFJhV3VEbzJUN2RQZmNaeXVyeXkzZEJIZmRkemlibERxa2lDMGZEZ1VKYm5aVlJzTlZka1FYZjhrdUZpSE9rT2R4S1pLeEFHUy1UYUpL?oc=5,"Wed, 01 Apr 2026 07:00:00 GMT",Google News Electronic Shelf Label,esl,esl
Poll Finds Americans Don’t Want ESLs in Stores - Progressive Grocer,https://news.google.com/rss/articles/CBMifEFVX3lxTE1uSTlYVVRBa2x4NEU5eVZZdE1PYVdXYV9oLUNkV0FfTXFkejNGcUJaLTBFOW44bkFjLWdYWnVBaDhSSUhqbFpzTkJmNDVtem9ReDQ3SGN5R0VkNUhHTS0wNlNxVWJwOXZRNWUwNmQwREZ5SEJxS3dDT0dlbkE?oc=5,"Thu, 28 May 2026 12:48:50 GMT",Google News Electronic Shelf Label,esl,esl
TELICA to Showcase CREBEE ESL DIY Kit at COMPUTEX 2026 - Business Wire,https://news.google.com/rss/articles/CBMisAFBVV95cUxOblNrNEMzVTFqYnNoaHRjd19QNjVUckVFME01emMtNmFkX1FwdUlCbHFrQ1NaQ0tSTG5iNTlTcnJDTG5Fb0tzMi1WTy1sRTNVSzA5Umt2QnlwTlZnUHhrdlRqMjA4dW85MkRPbGhiNDV1azBnMjFBTXQ2dk4tejl0QmptamxiTkFYZW1NQ01FYjBkbFlGM0xvMG40Z1Z6QndPeXpSWEV0TnhZLXZlVkxBag?oc=5,"Mon, 01 Jun 2026 07:00:00 GMT",Google News Electronic Shelf Label,esl,esl
What the ESL debate misses about the in-store experience - Chain Store Age,https://news.google.com/rss/articles/CBMie0FVX3lxTE1MZnRHLVBxWUt2dV9zU290ZDRoYW1KTkdTdWZ1aWpSeTdlWV9PNFltcWd3dndFTjA1Rk4xVy14dmRySXZ3Q284ZXpjMkFadzVOY1oxRVdFYTA0WUJkVGNBdlNuWHBZcXI5LUg5LUhJYWlkVG1qdGVybWJjUQ?oc=5,"Fri, 22 May 2026 16:10:04 GMT",Google News Electronic Shelf Label,esl,esl
"US consumers back bans on AI grocery pricing and ESLs, poll finds - Packaging Insights",https://news.google.com/rss/articles/CBMijgFBVV95cUxOcGoyUXZ1eG5rbjR3Smg2VVVhZy13VVpWOHVVNVdDajRlVlBpa0JPdmlNLXJMSGxnMk1oTjk3Nk5Ya1lNcTJGMEVDdWlQcTN1aVdJdXJoZjhJM2xVcExVd3kxSDZ5dkxLWGZjNHV6NlRVNEVXUmxDc2dBSEl2ajMtVVNPZUpaYVFvZVZMMEZR?oc=5,"Tue, 02 Jun 2026 06:53:07 GMT",Google News Electronic Shelf Label,esl,esl
MinewTag to Showcase Next-Gen ESL Solutions at NRF APAC 2026 - Yahoo Finance,https://news.google.com/rss/articles/CBMioAFBVV95cUxQaklrcEU2YV9nQzNJNFg0YW52NkZBVmNjZ2ZKbjNyZ2VwTmFSa2dqOGZ6TkhoZ3NJVUJuTWNNVEVwSkVTRzl2NVdjM1NFOUJaUWpTYnNpdzhzR2xBNGZaajVvQW5GSjBWT2hhZU1wR0h0cEZRMGxtUkZNTDFicnM4NlhqNkNsbnkyczlnVVJ4cHE4bkxUeGVuQXRQYTlTZnli?oc=5,"Thu, 28 May 2026 07:00:00 GMT",Google News Electronic Shelf Label,esl,esl
WHSmith deploys ESL solutions across UK travel retail estate - TRBusiness,https://news.google.com/rss/articles/CBMitgFBVV95cUxPUzdzZlltQlNQc2VLaUUtUl9LR0huSGUtQ2ZPa1lTWFRZbE9KcDRyU1lIMC1STlVZdlB3Nm1KYVlZcFFsdXVRVlcxeVFsczZ5RFFOTGxiVDJXYUhQelREYU10ald2ZEpjNEkxdDJWckNyUkFFeTAxNUNpdVY0bmNHQW40WWlwT2RGeW9vOFl4dkZXWEZOcERXSXcxeHM3N3R2WTZKMFBFUnVLVWR3WGduQ09jN3JYQQ?oc=5,"Wed, 10 Jun 2026 07:39:14 GMT",Google News Electronic Shelf Label,esl,esl
Poll Finds Americans Don’t Want ESLs in Stores - Progressive Grocer,https://news.google.com/rss/articles/CBMifEFVX3lxTE1uSTlYVVRBa2x4NEU5eVZZdE1PYVdXYV9oLUNkV0FfTXFkejNGcUJaLTBFOW44bkFjLWdYWnVBaDhSSUhqbFpzTkJmNDVtem9ReDQ3SGN5R0VkNUhHTS0wNlNxVWJwOXZRNWUwNmQwREZ5SEJxS3dDT0dlbkE?oc=5,"Thu, 28 May 2026 12:48:50 GMT",Google News ESL Market,esl,esl
How the Bluetooth ESL Standard Aims to Replace Billions of Retail Paper Labels - All About Circuits,https://news.google.com/rss/articles/CBMiuAFBVV95cUxPcGdGb21QVDZLdkQxU21jSm4wRmN1OWpxQW1MVUNXdmFWWXNiWTRvNEZRcW8zZEJOMVFuRmNVVWwxWEJNb3BoaGNOLVo4VmdqUGU2Nnlnb3NFcXk2aWhkcU5mNEhGNzFCZlBUWDVyNDN0MjROcWhvMGdudDV4UFhqNUNfakZCUWJ5NnRseVVQVkpKSU1ic25xTHpHTGd4MUVBMmRUZXJVMzAzOGllRXJGY1NsNEYxX3dy?oc=5,"Tue, 20 Feb 2024 08:00:00 GMT",Google News ESL Market,esl,esl
"SOLUM Debuts Eco-Friendly Full-Color E-signage with E Ink, Using E Ink Spectra(TM) 6, Further Expanding Display Collaboration Beyond ESL - TMX Newsfile",https://news.google.com/rss/articles/CBMigwJBVV95cUxNbGpJYlJ3d3NpRVhfTHA5UExqZ3FsMmpmNFBfV1d5R29jS3U1cm5PakhGMTFnY2ZqQThUVzB0dmdQR3N2ZVl1b2tYOUkwZ0txdzB0STBEaGRSOUI5UE1zUWZwZF91LURsWlV0RmVzbDR0Ukt0N3RodmFPOFpFcklrN3RUQXg5UXh1b1NxRmpjeW5CWDhoY0dYOXhyWXI0TG52Ynk3c2x2R2hPRXdBQ0RiSkpJaDdKYmExRDNXRVQyLVZ2eTRuRmRYZU51YkhlM2J4am9SRjZGM0FTVkt4THdjMUFMdEczUktDSXBPRi0yb1hxalBBZnN2Z0VFVWQ1OHh0MjBz?oc=5,"Fri, 17 Jan 2025 08:00:00 GMT",Google News ESL Market,esl,esl
Secure fastenings: The key to long-lasting ESLs - Inside FMCG,https://news.google.com/rss/articles/CBMijAFBVV95cUxObUM1djZfTk5LTWduRTNpMkFWdFBxNWdxSXRGN0dLY2JscUJBcEhEcng5ZGZCOXhoenR4NWRyUzU5ZDRpajROUG8wVlM4TnJYSWNRMGwwUm92RUUxUmVyTXVqWkZYdm1yeGZJVDBadkgxa1dsQlh5XzBWWFBkQ3kxRl9QMTYzVzhVR0hMcg?oc=5,"Thu, 20 Feb 2025 08:00:00 GMT",Google News ESL Market,esl,esl
ESLs: Use Grocery Store Signage to Keep Customers up to Date - Samsung Business Insights,https://news.google.com/rss/articles/CBMiogFBVV95cUxNS0lkNTFJdmJ1dE1PbWtqdFZHS1BRMnFqcnVSc0V6T284THpEZkhPSGVQS2x4Q0k2Tnl2ZFU1Tld3YTUydTducmVRc0pIdnZFMy1NeXliSU9lUndaVldBNXIwckFUOGY3NkpCaWdMTHVfelRIeDlBVkhfdEt4WVpfWDNYOFE2eEtDcExSRHIybjFkUTdYSVh3LWh2bzUwb1RaaWc?oc=5,"Mon, 12 Feb 2018 08:00:00 GMT",Google News ESL Market,esl,esl
Smart Labels Market Set to Hit USD 23.32 Billion by 2032 | 9.6% CAGR Driven by RFID & IoT Demand - openPR.com,https://news.google.com/rss/articles/CBMiowFBVV95cUxNX0dMWHdZMWRTNE9HRjY3a1ZqdnB2ZEVyV1NRdkZpOERGLWN0MFVLcnNyZ2E0OUFNaF90RkppNGdTdDdyTjVINXR3VHlPbEh6NTJFdlppOVFOV29TbmwyLUN5RXd3VEJqMEthOEZFTGgzd2huOUMxSC00aWp5WVY1d2tNY2h4anJzZDhQM2NOMnhCaHBwVG5nTVFFYjNtQnllQXQw?oc=5,"Fri, 08 May 2026 07:00:00 GMT",Google News ESL Market,esl,iot
Global Electronic Shelf Label (ESL) Market value of USD 993.6 - openPR.com,https://news.google.com/rss/articles/CBMimwFBVV95cUxNS2JpY0JFMm91aEFmM2FOOHpHUUpxamZYSEotTVRqZTlBcVFpZ1RLcFEtMG9Tb0RnNzF2MWF2dmx4aktnd0U0dWZrdmdjZzNGZzVVaTItOWRKbTk4RlpsNzZ6MTFkeDhobTU4dHBFc0lzZklCdTJwQzFNLXNrRWtvY0JfVm52TkE5TXlya2tEbnVYYW1KMkw3RGJLSQ?oc=5,"Thu, 21 Sep 2023 07:00:00 GMT",Google News ESL Market,esl,esl
"Electronic Shelf Label (ESL) Market is Going to Boom | Major Giants SEMCO, DIGI, Panasonic, Altierre - openPR.com",https://news.google.com/rss/articles/CBMilwFBVV95cUxNbEZ6U0M1MDJhVUdWZndKQXMzN3hrUjgzQVozZW9uV0c5NnUyRER6UEpCN2VkemhjWXVzWjdRUkVWRFphN2MyUXFjTjIxdFY2WDFUVzNhV0VJcWZ0akRlVmFsNTFfQWNCZWM1Qk5QcUtsbDcwVzBsNWdJOEF0X1l6SktXVWFZdi1PZ2VWcVluLVJGY0cwUjZF?oc=5,"Fri, 06 Jan 2023 08:00:00 GMT",Google News ESL Market,esl,esl
"Electronic Shelf Label (ESL) Market Presents an Overall Analysis, Development Trends, Driving Forces & Opportunities - openPR.com",https://news.google.com/rss/articles/CBMikwFBVV95cUxQV0swLUV5SXl0Rk44NEt2ZEFreWRlR1RmSVk1dk9IZFVIenRjczJFWFMtclhDNXpSXzdULUVYNVVHRWVJQmxhMkdwbHAwaGV3OFA2LTFNYmFoa3ViZDBfUWZlaTZRNlRQcXY5REhjTUJWeHR0ZjFDMHhlUXdJWHNqM0FFX2ZZcGVROEh0cUVWRThVTGs?oc=5,"Tue, 17 Jan 2023 08:00:00 GMT",Google News ESL Market,esl,esl
"Electronic Shelf Label (ESL) Market Hits New High | Panasonic, LG innotek, SES, Pricer - openPR.com",https://news.google.com/rss/articles/CBMinAFBVV95cUxNV0YwcHk5RFRnZmZCdTlzeWpHUGdKNmJzOXE3Nm15V2IwbFVLNUJuOWk1MDB1endMdEFaNW5INHQ3ZDZONWVmbmRiWGlyMHVsdUx1QVFsajBFZWk1bDMzcmxtOVQwOU9STjVCYVp3UzdHb3J3OXNBMHhwcUlaQWp6U0E1MkN4TVQwdEdJY3ZLYW5qX0NlZnVBVFNZNnM?oc=5,"Thu, 27 Oct 2022 07:00:00 GMT",Google News ESL Market,esl,esl
"Electronic Shelf Label (ESL) System Market Size, Share, Development by 2024 - openPR.com",https://news.google.com/rss/articles/CBMikAFBVV95cUxObF94ZFJTNWdWZkdnd0JOekNlQkVBeXByV3F2OVdxQ3pUd1ZnV190TlJ1YTZTMkozWTRUYmFTenZXd3BaYzl5dmhLZTVhakk2QTFDRXhzZldwZS1iR0xCejZQMURkNW4teDN1RXVqbkRnbGhzeV81czJENjFoSXNxTGVUWERvT0RhQ1QzXzJMaFE?oc=5,"Mon, 30 Dec 2019 08:00:00 GMT",Google News ESL Market,esl,esl
Electronic Shelf Label (ESL) Market will touch a valuation - openPR.com,https://news.google.com/rss/articles/CBMi3AJBVV95cUxNZzBBdFJFY05wY2thYUVTc2VOQVV2RENNOEROSHA5UkVPbDd6YUlfMDFTcVF5MmhoTnJzVGxpME9TZGdSNXZQYldEVi1vNUw5T0xGRGhlSVFwUE0zNndpYl81SkZrOHRhLWYzTUhhbGFaZE5felJKM2M4RHd2SFo0ZkJVZDBKbDZHeU1kU29uSzF0cXRqMEQ5Z1dxYWYyVGZkaTVmcWc2REIzNi16cXNvMzVmOC1kTDFvUFFWdmNOZjFPLWJZa0RTXy1BckVLMW92N3g4XzE2eDFRUmhoVktYWVMtVUlCYkwtWU9fLTVJX01Wc21IcU96SURJZk1fbUpaMVcwMkJzdmlBRUZvMXE0SFRMMXA0N2ZuREdrQVJlZjRvTV8xVUtSYkNlenZFRTNhcHRxcmpoY3I5bklpY0NNMUl2eG5scHZxeVhVUE5qY1ZtUS16TmpEVGJ1MDM?oc=5,"Thu, 22 Nov 2018 08:00:00 GMT",Google News ESL Market,esl,esl
Electronic Shelf Label (ESL) Market Globally by 2022 – SES - openPR.com,https://news.google.com/rss/articles/CBMi8AFBVV95cUxNcHVUaEs3M0N4VmhjM1pwYXU3TDRyY0dibktEY09pYUxsVDJnWEJJbVlSdjZnblhVVUx5Qy1iVkk0cXJuc005SmM0SmRnR0VkeVVvNmkwVUhNUlotRUJoTmRFSUUyV3Z2U1pQVXRkVmdEV3JPdUVSWExNUVdjS3RKdlFOeEpKUXRKdTVVYTJHS3liQ3RUQ0VwVEJ6QjctcFNvMXFKa0lEZmFEdUl2NkhRclhyU0F6bkpkdnAyYVN5X2llUU5SRWtZWnlxT1lWUWdqNU5KVUdVS2gyaGJzcUdFM0dUbE96ZHhiLVZUSjBUSmQ?oc=5,"Wed, 08 Aug 2018 07:00:00 GMT",Google News ESL Market,esl,esl
"Full-Graphic E-Paper ESL Market is Booming Worldwide | Pricer, SES-imagotag, Samsung Electro-Mechanics - openPR.com",https://news.google.com/rss/articles/CBMi1gFBVV95cUxQWjlPbTdVb3pXQUEtUlQ4OW11cGQ4SVBIVXdqajFYVEdmc3hDdkw2REZkSTJfa0ZfODU4eWpLb04zX2kxMG51SWJBMEtPb0haZ2ltM2JiMXNtTG9jNGNDbXRIZ0FObHh2OEpLckhJUTRTSENXSlp6N3JpT0NlYXNxejFrRGYzSW1yakN3ejRGSTZ2Ml9iTDdjcndUWERJX01YS2pKM2FDaWNxTDZWUnZ3cXg0c2tCV3gwNGNrdXBCSDE5UDRRQmh2VnJWLUhhTVFBLXc2SHFR?oc=5,"Mon, 19 Nov 2018 08:00:00 GMT",Google News ESL Market,esl,esl
"IoT in the Retail Industry: Use Cases, Benefits & Costs - appinventiv.com",https://news.google.com/rss/articles/CBMiYkFVX3lxTE84alFSQlEwaWZCVkZGM3VkT2Vfc2dlQmZSenhvZWdzcE1Dak5UaWVMdXVEYjJmN3kxNU9IMkhJQUExSlgyYjBYRmdWNU51MG9LaFhWYU56WGk1Sm1lM1A2TDRn?oc=5,"Fri, 29 May 2026 07:00:00 GMT",Google News Smart Retail,retail,iot
Smart Retail Solutions: What They Are and How They Work - IoT For All,https://news.google.com/rss/articles/CBMiYkFVX3lxTE1RUk5meFRQVG9pdTJ6RW9BdTZIZHplYmlGQTVmdWxIend1WHZxSnQtTV9yU0dCRUw2aFJYYU0wbmgwaC0xUU1mY2JkVm40OWlSVFVRX2J5QmQtN0pBSUw5VDRn?oc=5,"Fri, 28 Feb 2025 16:52:03 GMT",Google News Smart Retail,retail,iot
Smart Supermarkets: How IoT Is Shaping the Future of Retail - BizTech Magazine,https://news.google.com/rss/articles/CBMiogFBVV95cUxOeW1MQk1XeU1IOVBWal9xYkppa0lOaGFQdVFnNjhScVFZRkNQVE5kb0dTQlFRazdtRkF1ZXV5aFc0VkFSMHBDRktKYjkwNDlGSlVCZ1QzZC1vWFd6Q2VpUDRub2VHQjF6X3Nqd3VwU1ZVdW1fS3ZmV3NadDdvaXY4aGx2QkdWbTdhUWtFXzFUMUFmMVphVzJVMmQ1YmdadmgzY3c?oc=5,"Thu, 30 Apr 2020 07:00:00 GMT",Google News Smart Retail,retail,iot
Huawei and SOLUM Unveil Built-in IoT Solution to Accelerate Intelligent Retail Transformation - Huawei Enterprise,https://news.google.com/rss/articles/CBMinAFBVV95cUxQR1NpRHVnVFpndDVid2dfU3gtSGZmRnRBVmNBU1gzQkZyWGE2djVUaVliSU5VbGVmMm1tUkFBVGYwMTZ2WXB5QXNncFNja3I0c04tRkNONHFDdTNmMkNMZ1I4SjhCOXJqWlRPU084c1dzVUxZNFZMVEtPNkVXT08yOHNkUURrY1ZKczJLNjlxZFFRcnhXa1JWQTZQb2E?oc=5,"Tue, 04 Mar 2025 08:00:00 GMT",Google News Smart Retail,retail,iot
"Retail IoT: Applications, Challenges, and Solutions - IoT For All",https://news.google.com/rss/articles/CBMiekFVX3lxTE9RQ0hmUzNPY01EVHZoTDh3Mm80a1JmYkxxQ0VVTW5BelRONC1PeUQ1MlJZSlk0eFVFTlg2eWFETjBiX2UwOFRzYjliaFFhUUpiV0gtSWR6aE96YThEM0lIaTFVQndmSGdPeFZoamM1OU5XaGFJeS1OUjdB?oc=5,"Sat, 19 Sep 2020 09:23:21 GMT",Google News Smart Retail,retail,iot
5 IoT applications retailers are using today - SAS: Data and AI Solutions,https://news.google.com/rss/articles/CBMiqAFBVV95cUxPTEQwZ18xZTNIZDd4bXpyWE1jUEVqb3g2dV81ZS0xdWwwYkstUTh2VkhHank5VThNV1YwUFNqVXBaSkliTjFfa1RlOXBhWlAzTUE4OEM3X1o3WFhKaGZlb0ozRW92N2lPMnhrVldvZGJVWDdicFN2TDVRa0lrdHN6ZWl3ZU1VOEFTMElnZmhrbGowSFgwMEdvTjV4aDZGeTVaTmN3aE9IVHM?oc=5,"Tue, 30 Apr 2019 11:13:48 GMT",Google News Smart Retail,retail,iot
"Internet of Things (IoT) Market Report 2025-2030, By Application, Geo, Tech - MarketsandMarkets",https://news.google.com/rss/articles/CBMiiwFBVV95cUxPWlBwOVJLTk03V1R3d0RyUmhxdTJxMWFnY1ZOa3lJdEx6LXRwOXMyVHlnSHNLNEhIVzcyamh4aU1VS1lDMDA4VWZVaFgzeWZHaXVCZ1pPYW05dVhnMGlrM0tGOTdsUzhLZlpUUnF6c0F2ZWd5elc5UXlja0t5c2lxcjV3MjloUFBmN25B?oc=5,"Tue, 29 Mar 2016 23:37:35 GMT",Google News Smart Retail,retail,iot
UAE retailers turn to AI agents to drive faster decisions and smarter automation - Computer Weekly,https://news.google.com/rss/articles/CBMiuwFBVV95cUxQbTJ0cklnSlVxdmVESE1kVjctTThxWGExMTRUQ3NZN2lLUkVPamZpaUNISXZmMEdCQlljTGpEeWd0LW9YNXBOWDVQMVgxV1JfaUtZYTl6RE1VWTFMRkIzUHByb1lOVTd4YlBfMF9JZzVCOHV4VzJpMVFPQnktdEc5VnBadVZRbllPbWcxb0FJeFdwTlZGRk9oSTdzcHBqWWFJanJtZms4aFdfMUNUY1VTZzhjSXIyWWFzYVN3?oc=5,"Thu, 28 May 2026 07:00:00 GMT",Google News Retail Automation,retail,computer
Retail Media: Solum Expands ESL Ecosystem with Skippify - Sixteen:Nine,https://news.google.com/rss/articles/CBMikgFBVV95cUxOVTBVWms5VDliT1p4RjBVTjk2eVRQd09sSE9ZQTRWLUFkSkJWdVp3S01nbkttdk40ZFlfenVfSEhKT2ZocGpzUjJ1S2I5ZTMzVW5ONmhKc05kRFFYSkR3RkJ4OW5nVGJ1T1doaU80UUpxQmI4NWVDWkRqVzl2RTNPcDZaU0JRcUY3cERUVnVXN0t1dw?oc=5,"Wed, 20 May 2026 07:00:00 GMT",Google News ESL Competitors,competitor,esl
Hanshow Partners with Sklavenitis on Nationwide ESL Rollout Across Greece - PR Newswire,https://news.google.com/rss/articles/CBMiyAFBVV95cUxPX1lDU21XcXlOM2xFVnhpRXVNb0l4WFVsaWlMTjRuS2ZMMUhyMFZmR251NmRFbXR6ODdKYzhZcnY3WXhDcmh6YjVfdVFQRHRHYm9fOTVzM2tnVGZnOGNuVmVoZEtlOUVPVE11cTRuWHlpUlg3VUxUcF9OdlMzSTNLRnJBYzRKbEV6ZkxVR3VTMXM3bVpYZFBWeUNwOXBMdWJaZFR2VnQzUDRLc0FuM2dKbl9Od0psZmh4STljRWs3YVB0TWZ2SlJpMw?oc=5,"Tue, 26 May 2026 06:00:00 GMT",Google News ESL Competitors,competitor,esl
Pricer continues as partner to Carrefour but no longer as exclusive supplier of ESL - Yahoo Finance,https://news.google.com/rss/articles/CBMiiwFBVV95cUxOUzJKNm9oVVF2aThaRGdadGZGRHVoa3BaaTkzV3NFc09tZU9UdExDWjB0TFlLTUtKcUxmeUY3RTUycThiZzZ1dFpWZHVGaWhGMEIzMzJhVzhzWG5ibW41YXhNb1BSeV9DWE1LUWQ5eUFaZWloS05ibXV1NlBOU0ZRLVlGWm5kWEJQRVAw?oc=5,"Wed, 18 Feb 2026 08:00:00 GMT",Google News ESL Competitors,competitor,esl
M-Cube and SOLUM Enter Strategic Partnership to Deliver Integrated Digital Signage and ESL Solutions for Retail Across Europe - Business Wire,https://news.google.com/rss/articles/CBMijwJBVV95cUxNcWRhbmU0VXNockR1elAzcXlXbmtERzdVNkR4N0lCQmc4SF9SVi1XSmhybHVxY3RFNG50bTQ4bUJIVndtTDRiMlZmMURlVlEtWlFFVUpyNU5CZDVOdVIzbXpsNG5iOWVmTWZHLUpRZ19yMnRNTUtqOHI4cjh0aTM5d2pJdVhnUkRNNnRUYWsza0F2TUF1ZDhqNXR1NXBFSl81c2U3Wm96SlBRXzFSR2Jzc2s2Y3h6ZVE2ZHB2SVBCdmhjalZRY3RyaXFHS0pNTmhReHdOU2d3OUxEbHJJVVZUVVlLbDU3MTlHVjh3UGg0aUpnMzdIUjRRdVA1WV9VWWtCbGR6QTY0azdEOUk5anA4?oc=5,"Thu, 19 Feb 2026 08:00:00 GMT",Google News ESL Competitors,competitor,esl
WHSmith partners with Solum to roll out ESLs - Retail Gazette,https://news.google.com/rss/articles/CBMickFVX3lxTFBxUjhHRVo4Z1dWSDZDTVdMaFluUXZOWnM0TkVRYWdoTkI2SlVLYnJ5eEVaNE4wazVvaC01OUNya2k1N0hmdDlnZFBOUUQ4dk8wRDJGdGtZQ0tpRC1qOWFyaXo3bnRoeGgyTklFaG5BRkZvUQ?oc=5,"Wed, 10 Jun 2026 09:02:07 GMT",Google News ESL Competitors,competitor,esl
"SOLUM Launches Newton Core+, a Next-Generation ESL, in the UK at Retail Technology Show 2026 - Business Wire",https://news.google.com/rss/articles/CBMi3wFBVV95cUxOaDhIWi1GazJMTW9jVUZFTXdHd2J2UkRFV0ptYUZDZHo0eXk1T1Etc21xNmI5LUo2R1hFSkdrT3RXc2FocFo3c1hMMlFyZEN1ZWl3OU9zZkt3WUEzSlFtLUNydHZfZGRVeTNkTlAwanN4UXFvdVNhcTRYcE9PWmJFd2J0VDJHTHA5RnRLblFYVkx3eHNBNlg5WXJYTkViZ243ZS1SOHJJaFdhRWVJcURUS3htZFJCQzN4Zl9OdlVqWUhSTTU1TGxPbmIzVm9VeWtWZDc5b184dHBFUzNHTG44?oc=5,"Wed, 22 Apr 2026 07:00:00 GMT",Google News ESL Competitors,competitor,esl
SOLUM and SPAR International extend agreement for ESL and Digital Signage - Business Wire,https://news.google.com/rss/articles/CBMiygFBVV95cUxPdzVsVXZwUGlWSTZMRTF5Sk5qQWRISG05OEFXcl9Tb3Q0SWR4X0V2c2JCYkxHZVRnSUdsNWNJaWtxckxYTHdKMWh0WXd4NlFPeVZwTjBuMUhUUmFsNXN3S0pkTGtydDJabXdyN2ljRnFKT2d0cVJOeDcwSE5kQWFIQUpxb2hudEFRUkwzN0VnaFAwT3lyaVBxSm96aUFWLTkwTEVLQWxZZnNqYWhzZmgyX041WlUxSW92WlpLaHRFREQ4UU8zOVIxdWF3?oc=5,"Tue, 24 Feb 2026 08:00:00 GMT",Google News ESL Competitors,competitor,esl
ZKONG Competes in ESL Market with Enhanced Security and Customization as Retail Giants Accelerate Adoption - Yahoo Finance,https://news.google.com/rss/articles/CBMihwFBVV95cUxQSEkyeUNPblVhMzBPb1J4T0R6X3NvbzVCU0tJMDR3QkcxZkM5VFB6SGZNTF9YU1EtWGtlODI2TDByTktmX1VnR09QRDRHRFdhNG0yUGdtUzBITFdIX0NXZUdfUFU0QnFyZnlodHhMY1pmdlh4MzFnMUYtZTVLMkVLWTJCbzdwVGc?oc=5,"Tue, 26 Aug 2025 07:00:00 GMT",Google News ESL Competitors,competitor,esl
SOLUM and Competera expand AI pricing–ESL integration in Europe - Retail Insight Network,https://news.google.com/rss/articles/CBMikAFBVV95cUxNUTJUOF9nRGc2S2YxX0tnYVFHZ3ItYk1jbjFQbERlQ0RxZldaSExBTWpFOWZZX1FqdEdVaUpSQVZHVGo4TEhqcGxxZDFORGZUenA1bEZFelhZX1JMU192bFlEMHhNa1d4ZWp5Sk54cTlCUVF3eEdSVnZzTGtaeHItMlZ4cUhJakxPSmNoQUhfVkU?oc=5,"Mon, 02 Mar 2026 08:00:00 GMT",Google News ESL Competitors,competitor,esl
SOLUM and Competera Expand Partnership to Integrate AI-Driven Pricing Solutions with Real-Time ESL Execution Across Europe - Business Wire,https://news.google.com/rss/articles/CBMiiwJBVV95cUxQMGw1M1FTUmhOTjM2RUc0Qm9FbV9SMjZYY1YtalEtR1ROVF9ma3ZYTGYyMkg2UW1Xcms2Z2llTndVb1V4MnFyZFFndkllbkEwT1BIRnpJSlI5OE5QMFRXanNZVUpmLXllN3VZN2Fyd05HaEtWTHl1MFlsc08tdFE3N0l6aEdiUVJvOFJhMVpkdnFnemdESXhXZ1JnUlJ1cE5ub1JOZU9XTnVuVVNEN1MtaHhDUVNBU0k3cTROQUxyVTY2aU9DUDZrWnJmTER5dEdUZzRWMHg5ekdkSXI0b0FZS1FqOWFnSzd6NFFXekVPOTZzaDdDS2pWbGhZZldFM2JRb05HeXZqTktmLWM?oc=5,"Fri, 27 Feb 2026 08:00:00 GMT",Google News ESL Competitors,competitor,esl
SPAR International extends SOLUM ESL and signage partnership - Retail Insight Network,https://news.google.com/rss/articles/CBMijgFBVV95cUxONnludGJMODR6WDJpcGk1UzVBSHdCWExKZUdjTHl4UDBqSzU2VlY1VWRfTnc1cFJZaGVfX2N0VW9xZFFSTlZVemJwWU9aQmw0Qy1OZDVYcUphMUNTVzV4cEtZNkRKNHFKOXJ4VF8xWUhHdUdEbEcxX21KVHh6V3N0a1pxZTBUWXFFd2JWSW13?oc=5,"Wed, 25 Feb 2026 08:00:00 GMT",Google News ESL Competitors,competitor,esl
Hanshow Partners with Sklavenitis on Nationwide ESL Rollout Across Greece - PR Newswire,https://news.google.com/rss/articles/CBMiyAFBVV95cUxPX1lDU21XcXlOM2xFVnhpRXVNb0l4WFVsaWlMTjRuS2ZMMUhyMFZmR251NmRFbXR6ODdKYzhZcnY3WXhDcmh6YjVfdVFQRHRHYm9fOTVzM2tnVGZnOGNuVmVoZEtlOUVPVE11cTRuWHlpUlg3VUxUcF9OdlMzSTNLRnJBYzRKbEV6ZkxVR3VTMXM3bVpYZFBWeUNwOXBMdWJaZFR2VnQzUDRLc0FuM2dKbl9Od0psZmh4STljRWs3YVB0TWZ2SlJpMw?oc=5,"Tue, 26 May 2026 06:00:00 GMT",Google News Vusion Hanshow Pricer,competitor,esl
Pricer continues as partner to Carrefour but no longer as exclusive supplier of ESL - Yahoo Finance,https://news.google.com/rss/articles/CBMiiwFBVV95cUxOUzJKNm9oVVF2aThaRGdadGZGRHVoa3BaaTkzV3NFc09tZU9UdExDWjB0TFlLTUtKcUxmeUY3RTUycThiZzZ1dFpWZHVGaWhGMEIzMzJhVzhzWG5ibW41YXhNb1BSeV9DWE1LUWQ5eUFaZWloS05ibXV1NlBOU0ZRLVlGWm5kWEJQRVAw?oc=5,"Wed, 18 Feb 2026 08:00:00 GMT",Google News Vusion Hanshow Pricer,competitor,esl
Pricer loses ESLs exclusivity agreement with Carrefour as retailer inks deal with Vusion - Retail Technology Innovation Hub,https://news.google.com/rss/articles/CBMi3AFBVV95cUxPSExlSFJwcnpGV1MtRlJGb05mR2hNdmJhR1F1S243eHVlcTBlN2VRNUFnd0piamZ6d1pwMUFvM2d2MFNqNGtBWWlwYTZEdW5DTjVPbVFZMzEwRzBhZkl4OXhlc2twY0p2VnlDbERZRW9SNHB0X2NkYlloOHd0RkROZ21GaEl5cEFOZ0dOZ3pQSkV6SG5XSDdNQmp1ODRrbVh0c003WFdYYnVUeTFhTUhhTHpyUUNPeDQ1dkltRDREdjNnbDZGT2F1aVFydkkxeHlUMHNoYUVmWFJuYnRN?oc=5,"Wed, 18 Feb 2026 08:00:00 GMT",Google News Vusion Hanshow Pricer,competitor,esl
ZKONG Competes in ESL Market with Enhanced Security and Customization as Retail Giants Accelerate Adoption - Press Release Hub,https://news.google.com/rss/articles/CBMi7wFBVV95cUxQbjhEbFlkNEhfellnbGJpd0J4M1h4YzVuUmlXMkc2NktpSmkxNk1VY2RzRTJGN1h2QnJKejBLbkhtaUFZUjVpX0s2Y1JCWDNNTEsyb2ZQcDhIbWlvV2p4NlYyMTcyV0s0Q0Q0cDVTZTM3RUU3SW12WFZ5aUJhTXItMDNzMHp4Z0F4N2hYWXFCVFVEbll5ZGN6b1dmMGxDMURLeFc3ZjY3YXRoMmZxYXVKbms2RklqbzU1bWZlZGpTZFoyR21OTjA3MHl6dmhZeGxoQ3RKWEprZFF1NENlYVJrWFVHSlg0NGNLOU50V29lTQ?oc=5,"Tue, 26 Aug 2025 07:00:00 GMT",Google News Vusion Hanshow Pricer,competitor,esl
Deutsche Telekom IoT Uses 2026 World Cup Scenario to Map the Smart Stadium IoT Stack,https://iotbusinessnews.com/2026/06/10/deutsche-telekom-iot-uses-2026-world-cup-scenario-to-map-the-smart-stadium-iot-stack/,"Wed, 10 Jun 2026 16:58:51 +0000",IoT Business News,iot,iot
Morse Micro Adds High-Power Wi-Fi HaLow Module for Long-Range IoT Designs,https://iotbusinessnews.com/2026/06/09/morse-micro-adds-high-power-wi-fi-halow-module-for-long-range-iot-designs/,"Tue, 09 Jun 2026 11:53:13 +0000",IoT Business News,iot,iot
"Generative AI for IoT Security: Use Cases, Risks, and Deployment Models",https://iotbusinessnews.com/2026/06/08/generative-ai-for-iot-security-use-cases-risks-and-deployment-models/,"Mon, 08 Jun 2026 14:06:57 +0000",IoT Business News,iot,iot
Origin Energy to Digitise Australian Gas Metering with Landis+Gyr Retrofit IoT Modules,https://iotbusinessnews.com/2026/06/04/origin-energy-to-digitise-australian-gas-metering-with-landisgyr-retrofit-iot-modules/,"Thu, 04 Jun 2026 08:26:55 +0000",IoT Business News,iot,iot
Nordic Extends AI Assistance from Firmware Development to Deployed IoT Fleets,https://iotbusinessnews.com/2026/05/28/nordic-extends-ai-assistance-from-firmware-development-to-deployed-iot-fleets/,"Thu, 28 May 2026 16:46:46 +0000",IoT Business News,iot,iot
AT&T Moves Deeper Into Supply Chain IoT Through Wiliot Collaboration,https://iotbusinessnews.com/2026/05/28/att-moves-deeper-into-supply-chain-iot-through-wiliot-collaboration/,"Thu, 28 May 2026 15:36:13 +0000",IoT Business News,iot,iot
Telenor IoT and Sateliot Link NB-IoT to LEO Satellite Coverage,https://iotbusinessnews.com/2026/05/28/telenor-iot-and-sateliot-link-nb-iot-to-leo-satellite-coverage/,"Thu, 28 May 2026 07:03:46 +0000",IoT Business News,iot,iot
"MWC 2026 signals a split IoT connectivity market shaped by AI, NTN and eSIM orchestration",https://iotbusinessnews.com/2026/05/27/mwc-2026-signals-a-split-iot-connectivity-market-shaped-by-ai-ntn-and-esim-orchestration/,"Wed, 27 May 2026 18:25:18 +0000",IoT Business News,iot,iot
GlobalPlatform’s Pavona Brings Open Silicon Security Closer to IoT Design-In,https://iotbusinessnews.com/2026/05/26/globalplatforms-pavona-brings-open-silicon-security-closer-to-iot-design-in/,"Tue, 26 May 2026 12:33:05 +0000",IoT Business News,iot,iot
Practical Ways Teachers Use QR Codes in IoT-Enabled Classrooms,https://iotbusinessnews.com/2026/05/26/practical-ways-teachers-use-qr-codes-in-iot-enabled-classrooms/,"Tue, 26 May 2026 11:58:16 +0000",IoT Business News,iot,iot
Why Fast-Scaling IoT Startups Need AI Branding in 2026,https://iotbusinessnews.com/2026/05/22/why-fast-scaling-iot-startups-need-ai-branding-in-2026/,"Fri, 22 May 2026 09:47:55 +0000",IoT Business News,iot,iot
Maintenance Practices That Extend the Life of Industrial IoT and Glass Processing Equipment,https://iotbusinessnews.com/2026/05/21/maintenance-practices-that-extend-the-life-of-industrial-iot-and-glass-processing-equipment/,"Thu, 21 May 2026 09:17:05 +0000",IoT Business News,iot,iot
Why Retailers are Rushing to Adopt Ambient IoT for Batteryless Electronic Shelf Labels,https://iotbusinessnews.com/2026/05/18/why-retailers-are-rushing-to-adopt-ambient-iot-for-batteryless-electronic-shelf-labels/,"Mon, 18 May 2026 14:47:48 +0000",IoT Business News,iot,iot
What Makes Stainless Steel Rivets Resistant to Corrosion in Industrial and IoT Environments,https://iotbusinessnews.com/2026/05/18/what-makes-stainless-steel-rivets-resistant-to-corrosion-in-industrial-and-iot-environments/,"Mon, 18 May 2026 12:20:14 +0000",IoT Business News,iot,iot
Zackat Labs Combines Wearable Heat-Stress Monitoring and Gas Alerts on AT&T Cellular IoT,https://iotbusinessnews.com/2026/05/14/zackat-labs-combines-wearable-heat-stress-monitoring-and-gas-alerts-on-att-cellular-iot/,"Thu, 14 May 2026 07:48:28 +0000",IoT Business News,iot,iot
Telit Cinterion Adds Swift Skylark Corrections to IoT GNSS and Connectivity Bundle,https://iotbusinessnews.com/2026/05/14/telit-cinterion-adds-swift-skylark-corrections-to-iot-gnss-and-connectivity-bundle/,"Thu, 14 May 2026 07:37:11 +0000",IoT Business News,iot,iot
28 IoT Devices Connecting the World - Built In,https://news.google.com/rss/articles/CBMiUkFVX3lxTE9INWN2SVRKLUlHSHdpNDg5bml4aWRObmZHWGl3djZKWFdUcVhudU1pYlBYNGY1VU1raEt2TGtMTDF4clhjTXIyMzktRU1KZWF5V2c?oc=5,"Wed, 01 Apr 2026 07:00:00 GMT",Google News IoT,iot,iot
Internet of Things in Sports (IoT in Sports) - Deloitte,https://news.google.com/rss/articles/CBMiwAFBVV95cUxOYlRyM2dqRDdUbFRHZ3h4RVlCUDRTR1REVXZzOHdtc3poNDBwZWxSaXM3WnJTcl9XZ2hLY0tzblZZMTRIUlZ2Q2pKWVVrMnJVZ2pQUnJVVmJhY2VncVlIZWZ1YjVESHNFdGZfR3RHcmswN3JNUzdUenRxWGFZZHM3UVBBSW9POW1ma2ZSRi12ZG4yaUJEWkJMOUhhbGdMTDc0QzJVeFFXcldWR2k0S1E5M3A1WXZTbUljQ1FjTmpUWDI?oc=5,"Wed, 15 Apr 2026 05:17:30 GMT",Google News IoT,iot,iot
State of IoT 2025: Number of connected IoT devices growing 14% to 21.1 billion globally - IoT Analytics,https://news.google.com/rss/articles/CBMiZkFVX3lxTE92VVIyek9FQ1pHMkVPQmI1WU5jTjIyVnEtZXhmTGVSWVZhaGJKS21aZDRzR1VIUk1Na0pZQllJaEdLNEY3cFVaTHZNb1ZWSkctaWZrbzAxZUk0a3h6UHZqekd3UEdsdw?oc=5,"Tue, 28 Oct 2025 07:00:00 GMT",Google News IoT,iot,iot
Number of IoT connections worldwide 2022-2034 - Statista,https://news.google.com/rss/articles/CBMiggFBVV95cUxNMHloY0xrVVVuV2JNU0tDQVhkNk1qQ0lXdkF4SzVZQTQwRlBPRXNHMVo3aS16dy0xODJwZUM0RFFGam9XbkJIWkhLWWQ1QUhuQ0N4S0xUZTFiUE95d0QxTVlRR2xZMm1MN3VjTnlZZ0ItX3paM3lNY1dZMUtHbWhrQ2d3?oc=5,"Fri, 09 Jan 2026 08:00:00 GMT",Google News IoT,iot,iot
The 10 Coolest IoT Software Companies: The 2026 Internet Of Things 50 - crn.com,https://news.google.com/rss/articles/CBMiqwFBVV95cUxNV3FPT1hOUE9XYVFSOFZxRlZBZmhhc2VEQnhTQWVlTUxFSUQzbjRWbnZOd25FeTY0UXpqQnhoVWZfRjhoYW1Tb1poaXdmbG5ma2dlYUZyZ2RCWV9sV0UyQ3EwRi1uY19IZ28tOFI5d0tPaGJQTUJEamVRcVBEYm9CUHhjZzlWS2tTOGFBd1RiclhRRVUtVGRFWlBkMGowTVFvUkxSSmdEUjhPYTQ?oc=5,"Tue, 31 Mar 2026 07:00:00 GMT",Google News IoT,iot,iot
Why Internet of Things (IoT) devices remain easy targets for hackers - ESET,https://news.google.com/rss/articles/CBMitgFBVV95cUxOYjBRaWZOS3hEVVJWdWhGcDZoWjVlcVh6WUpEY0dxMjJnVnJXSk93RG9JU3Q1ajR4UTJuYmZWZkVtUC16LXFhMnN5bHRqaXpPYkNTQXNjYnBBN0lVMGVWNll1Qk5NRlZFeGR2T00tR01CY1hHUVpKN29jcktvckFkdl9Ed1J4WDJ0aGRWd2hjZ1JtZXdvVjhISlpvbUhfT3dpaWVMclhIQ3dyaFNrdFgzSm1Lb21kZw?oc=5,"Mon, 23 Feb 2026 08:00:00 GMT",Google News IoT,iot,iot
28 Internet-of-Things (IoT) Companies You Should Know 2026 - Built In,https://news.google.com/rss/articles/CBMibkFVX3lxTE1FOTR0X0YyU3h3VVd5QV9SMTVCNnU5RnhPZWZkQmJPYk4wZHVlUHFpQ0VwczhNY1NfbThXb2hvQ0k4TXZIa1dMWmlmZFA0MWxPRy1LZG90eTAwZ01jbmk2MGZib1JReVV0QWVuSVFB?oc=5,"Wed, 04 Feb 2026 08:00:00 GMT",Google News IoT,iot,iot
The 10 Coolest IoT Security Companies: The 2026 Internet Of Things 50 - crn.com,https://news.google.com/rss/articles/CBMiqwFBVV95cUxOM21wVHBseGdlWjBpWlIzVkEwek9EbWZ1cmFRMUpiZ1htaTI2dG1KUVFuWkxxNmREU2psR2oyck8xNWdUVGVVVkI3b09DRFdMNjBVclItMUxtOTZxd2ZfTmRkcE1LWl9OeDlsSmljZ3RDcmRHbzJQRTd1d1JlbXhCaVh3dkZGelB6QWJ1ZzllQncxd0NyTlYzZ0FsRklhZkFJcm9NNkVfdy0zVFE?oc=5,"Tue, 31 Mar 2026 07:00:00 GMT",Google News IoT,iot,iot
The 10 Coolest IoT Hardware Companies: The 2026 Internet Of Things 50 - crn.com,https://news.google.com/rss/articles/CBMivgFBVV95cUxOQ004ek1XelF3RU50UGhPaFFKU01GazU3cTdndXpXSFU3ZlpPenZOa0h0VV9Jek1HWjdaWTBKWDFTcUxjYzZmM2JyLS0wbEZxQ05PSG9qd09IUTdTX092U2F1Q2xWOFNXaE10VFJ3b1VRalBBcExNMWlEUkZvdGdSS2hjU3RicVJRS0FfS1huRlZwd3luTTVYTWJsb3lCOXFSaGRKdGxheC11czFaWXNZb216WVFUOWZiODFWTFV3?oc=5,"Mon, 30 Mar 2026 07:00:00 GMT",Google News IoT,iot,iot
How the Internet of Things Revolutionizes Social Media - IoT Evolution World,https://news.google.com/rss/articles/CBMiqAFBVV95cUxOYlE4Vl9HVXd1al9ldUhiR1dUUmZ1SWtGU3U2MWs4UTFnY2VlUEphMHh3X1VNaEZpTEFxMHB1S3ZGc3ZYaDJhZ0ZDTFZQRmtMYlFZYnJvbFhVcDM4QkIxTHhYRzAtaWVGRG1ZcTdrVEQtU3JxY1h2QVhid2NMMFNSRTh6cDFVbHRHU1JUdUk3MXpjQWROR2I5aWRQSEZmejAxY04tLV9sTnI?oc=5,"Wed, 15 Apr 2026 07:00:00 GMT",Google News IoT,iot,iot
Internet-of-Things (IoT) applications in modern power grids - Frontiers,https://news.google.com/rss/articles/CBMimAFBVV95cUxObER5bHFGTG43YW5VSzVXcTYxSTNoVFh5bGdYUG5LdWcyY2c0Wk5ibUNOekE2VzBzNDAxVE82RzY2ZXlacUpjc3lWZ3dXb2RwVVQ0Z1RqN2R3MDlubmlMOFk5VHJDSVBjdGEwWDd3bHB0Nk8yQlEyd2QtUmVEM3E3YkxDTEIybVJNZ0xKYUhCd3ZGN1BLekNGZw?oc=5,"Wed, 01 Apr 2026 23:31:38 GMT",Google News IoT,iot,iot
Adaptive machine learning models for predictive maintenance in industrial internet of things (IIoT) systems - Nature,https://news.google.com/rss/articles/CBMiX0FVX3lxTE5uUDZaazk1R2V6UWhjSmwySjNGQkxjYndmanBoQWlhS3BCNjM4bTZKNmF3aW5rOHg0Ui1SckppZVE0d2puUzFtZG5LWExWN2xQcGJKN0djRVNpNk96aUdj?oc=5,"Sat, 07 Mar 2026 08:00:00 GMT",Google News IoT,iot,iot
Walmart deploys millions of new sensors in retail's first large-scale deployment of IoT tech - CNBC,https://news.google.com/rss/articles/CBMingFBVV95cUxPVDBFM0l6djN5OS0xNEQ4U0llT190SUNmNE9IQjFuZk9ZQUE2aTBNVHpqY3o1aW5mUWhJalQ0VzB6SDVSaVpuS28tWHBzT1RMeW1SblRza2w4WnlRZzMtX3pNMExXVERTUEViaXplNWhORV9DbENhc0M3UmpITXN4YjFhUGE3S2NXWF9uZE5hX0E4aGNzaWU4ZkFheFcyUdIBowFBVV95cUxNZWFxSHIyanBVTzZ6TmRsM0s0TE9EUWxkcFJqS2pvT1ZMcnNqZUwwZXJhNjdPMzB4cXZDZGpjUjZzbVRGNkxRQmpxQ0JrTzdOMFNPZzc3bXJTZWlvanpWR01abV8zRlZXbVZoZjJ6S1BLNjRXQUlZbkJVM3ZycENHNDNnaWNXSG5EQTlCaTNqLURoYko0YnRUOFZWcEZPVlVvMmtr?oc=5,"Wed, 15 Oct 2025 07:00:00 GMT",Google News IoT,iot,iot
A systematic security analysis of Medical Internet of Things (MIoT) ecosystems in threat modeling scenarios - Frontiers,https://news.google.com/rss/articles/CBMipwFBVV95cUxNa3hhYXBQdjlzblJncDEyLWpJcXlpMXB6WTFWMlVBRUxFc1hNUUtuVWJvVkI2aXVSMGtYLWdJaExrQktZTjVVT01ZendqMEJQODdjLUtzQnhiekVnLXJWQmI0U3U1TFJ6cURMYURhb3Vqc2lTS3dzbGduSjVWTnpuX1RMUVQ1MmRxSkFOYTdIODJtMmxzVGJWMVlBT1c5X3J4RWdhblg0Yw?oc=5,"Tue, 11 Nov 2025 00:37:25 GMT",Google News IoT,iot,iot
What does ‘Internet of Things’ mean in 2026? - IOT Insider,https://news.google.com/rss/articles/CBMiigFBVV95cUxQMy11UnRhNXJDNkplVGZaM1F6cVJwTUI4dnNPWjNRS2hkLUF0MjJZVmNXX3hmRVhPRjhma245WkE2QUctVUdFc0JKREM4NWY4dDdaaFpvMUczTDdEakxGTmpQakdJYXZjNmI0ZkRjTlhkcGJmenNTN0Y0Vm95Z1M4YU5abkdJaVBubmc?oc=5,"Wed, 14 Jan 2026 08:00:00 GMT",Google News IoT,iot,iot
Internet of Things (IoT) and the Environmental Sustainability: A Literature Review and Recommendations for Future Research - Wiley Online Library,https://news.google.com/rss/articles/CBMiakFVX3lxTE41UEtVbGxPazdzQUFhYWJPUDlKZGp4YzFuM2xsY2VFNVJpWnE1MFBtTUZUaUYyMXJLZUV4NmRKbEExRFpmT1ZhRTJ1eDBmUkhMN1hOOWl5U1VOUFg1cmZuMjJWV1JZV0hzR0E?oc=5,"Thu, 31 Jul 2025 07:00:00 GMT",Google News IoT,iot,iot
"Hybrid deep learning-enabled framework for enhancing security, data integrity, and operational performance in Healthcare Internet of Things (H-IoT) environments - Nature",https://news.google.com/rss/articles/CBMiX0FVX3lxTE1GQlNhd1hVaG5jamdtcS1GU0IzTlZDVkZPam5DX3h3OXV1cUt4c2V5UTZzMnNDZmQ5T0k1Nm5CT2hzUVBIQWszSGpFNkVXaVZXang4aUIteDM1ZDhScWFV?oc=5,"Sat, 23 Aug 2025 07:00:00 GMT",Google News IoT,iot,iot
The City’s award-winning Internet of Things (IoT) network - The City of Calgary,https://news.google.com/rss/articles/CBMie0FVX3lxTE03YzAyZFF5MkZXWUFpM0hpUWI0UkRLbmZ4TWpjN2FJb2FuSzdvMTlmdGw5Vjh1amtLdFYyLXVWMFV4dlJhcEg5SUM3ck40S0lyUnpHYVdmbXlQdVdYRC1IRDVjQWNMLVRCdWozeG9aZzdveHJzQm5KcDRFTQ?oc=5,"Fri, 29 May 2026 22:58:06 GMT",Google News IoT,iot,iot
Global Internet-of-Things Leaders Recognized in 10th Annual IoT Breakthrough Awards Program - Yahoo Finance,https://news.google.com/rss/articles/CBMikAFBVV95cUxNZ0hwSkI4X05wM0hEWXEyMWE0RGVzNmhJblVjVFppSWFzTkZrRlc1VHRLbHZaU1BxazE0cDR3UGM3d184elo2V0lEVExqeXBTOGlrRUk3VzY5aG9XUk1YNlZ3aUhnUllFdzFMaXlWQW5sWHBnWnpVb1BRMXJ2cmJWOVFQdzNrd3luVkJMV05ydkg?oc=5,"Wed, 07 Jan 2026 08:00:00 GMT",Google News IoT,iot,iot
What is the artificial intelligence of things (AIoT)? - TechTarget,https://news.google.com/rss/articles/CBMijwFBVV95cUxQajlOeXMydjQ2Tk1NZXNBSFBNSFMzR2hJZlVvZUZXck5wZmx3bFJsdGw5RUxzUmM4WkVINjZ2aUFvdmZkRjdsYmpDUWY3RC11aUtFU0tubGxtakQ3LUNlUVJBUjNENDhEMEtobnRrUlo1TlU3QnM3VGJPWEw1VnBnUkFaT2Z2bnlLb1hwNHJOcw?oc=5,"Fri, 01 Aug 2025 07:00:00 GMT",Google News IoT,iot,iot
Enhancing anomaly detection and prevention in Internet of Things (IoT) using deep neural networks and blockchain based cyber security - Nature,https://news.google.com/rss/articles/CBMiX0FVX3lxTFBPU0lhenlZN1o1WXlxSVBON3FybTJCdWFPdThZYXlWdzQzSGI2TVBwRkZPLU5ZMnhyXzBtZ2gzbHJ3Q0Z4bVFnMzdDRko2elE3NzM0QjRUYVNkTzFtNWs0?oc=5,"Tue, 01 Jul 2025 07:00:00 GMT",Google News IoT,iot,iot
Securing the future: AI-driven cybersecurity in the age of autonomous IoT - Frontiers,https://news.google.com/rss/articles/CBMiogFBVV95cUxNYk0zbmZscGF0LWg2OGxBaHAxTGtGcEFqcGJWOTJWUlM0eElzMElYVUp1U1g4UGctcXpMWjNpeWpXMDh3dlpsUFhMcm5uZ0dxSHlWdFpNX05EaVV4blo1LVlaTENMMTZPQ3JCZGN1MzYxRkhXa0FSUjktYzJKLUwtc3ZFOXhsd2thdTZPcVZtSVJQUERGN0NsR3dhNUNYeGNaUHc?oc=5,"Thu, 14 Aug 2025 01:07:17 GMT",Google News IoT,iot,iot
Top 20 Ultimate Internet of Things (IoT) Projects for 2026 - Simplilearn.com,https://news.google.com/rss/articles/CBMidkFVX3lxTE04QXFzSVlwYm4zVXY1ODl2ejJzaENLMDBzNk5ZaHplWXN6LWNpLUJ4TG5hdDV4TldxNkw1VUdJOC1iWUZRXy1ud0FPLXMwQjZ4Z3ltaXRSNHRuZmNjVEVWTHZ1UXhBM3pYcm5SMEpfQ3JSRFNTZVE?oc=5,"Thu, 28 May 2026 07:00:00 GMT",Google News IoT,iot,iot
Top 10 Companies in Internet of Things (IoT) Industry Driving the Connected Economy in 2025 - LinkedIn,https://news.google.com/rss/articles/CBMiogFBVV95cUxPLWt3ZnhWNEJYckdWMHdKN0xfSnlJU2xCYW1xNWhDdFY2Mm8weFpsaGJTZWRuZE1CU1V0QVQ1QzVyaEpZLUpoOUNSSnVmQUxIMTJJM2hyblAzck5Qa3VKUEhfdHZsLUkzTVZmMlpYSTdrd3dSUXptNVdRWEZYTjJoM1Y3Tmh5WTRMT0ExWURLWGdrMUw0amhGZWt6aEVQVERNLUE?oc=5,"Fri, 24 Oct 2025 07:00:00 GMT",Google News IoT,iot,iot
Top 12 IoT applications and examples in business - TechTarget,https://news.google.com/rss/articles/CBMikgFBVV95cUxPVWd2Ny0ySmRnTDRxTk54SVNfVzAxR0xpU1c4em84bTY4NC1sVFpadXpJaVhDNHRFX2dpOUV2MjJDN3V4NDkwV2FvNkhjVllyU1VXMTUwdmVoWGpraTl6ak9FOUhnUHRiQ1RUd21NTW4xR3NqMmVtWWYybkw0bEl6OTVRLXBnazA5dVpBTXVXblhvZw?oc=5,"Tue, 29 Jul 2025 07:00:00 GMT",Google News IoT,iot,iot
Internet of Things (IoT) Statistics: Market & Growth Data - DemandSage,https://news.google.com/rss/articles/CBMiaEFVX3lxTE9oVk80OXgwcTJCWV96bFRvUm8wRVBRb1c2Q2RQTWtRc1Q2WnJBSHZha1U0RTg1bU1CaElxR1o1MjJLX0NZSzdQN0xDWV9ZdVZJbUFDUUZBcDRYMll5bXdLVG4tUGdhRElL?oc=5,"Sat, 05 Jul 2025 07:00:00 GMT",Google News IoT,iot,iot
Top advantages and disadvantages of IoT in business - TechTarget,https://news.google.com/rss/articles/CBMilwFBVV95cUxPNVp5X182Q0ZYbnBoLXdrZV9GZTEzM1pqbV9jXzJKQXBWTXRRRDlEXzF4Wm5iQ2E5NDVFaXVfelB5UVo0Sm1GSE8xTDRTV1lfc2xYdU1nRkI4bEI4Wjl5TGN1TXFDNW12WlRCa05lQXlRTl93UUxaQVZ2WWVBVHFFLUhGeWd0ZG5yWFpRZzNWaDBDa0MyNjVj?oc=5,"Tue, 08 Jul 2025 07:00:00 GMT",Google News IoT,iot,iot
MIT Researchers Push IoT Boundaries With New Chip - IEEE Spectrum,https://news.google.com/rss/articles/CBMiYEFVX3lxTE9QYTc4WWJBOVd5NTFCOVpBanU0V2dqa0o3MTdWbGhmYkVndVAzejFHZExxNVBsY190dTRkZGdJZ0Z1VEh0bmRmR0VlSTlrSmRFTy1mSGxPTUdHSlN1Z1JMWg?oc=5,"Wed, 09 Jul 2025 07:00:00 GMT",Google News IoT,iot,iot
What Is IoT? – Internet Of Things Explained - Forbes,https://news.google.com/rss/articles/CBMibEFVX3lxTE13OWVSV21PS3g2NnJJUnJfZExsV0pseDNmNWRpUDQ3a0YzQ0UwOGJLb2JHeXNhZGlxQ1BpVmZmVmg4cG1yWW1KQW1WaEExc3lNRFNrOFRkNFhaU2xlUDZPN0ltTG16MU45Wmh2bQ?oc=5,"Thu, 18 Jan 2024 08:00:00 GMT",Google News IoT,iot,iot
Computer Security: Internet of Damn Insecure Stupid Things – Home - Home | CERN,https://news.google.com/rss/articles/CBMifkFVX3lxTE9UeU81MnQ2N2lyYm1FenFXZ0F1NU9QTzlqZDNmSDB2TGN5c0E5c1lOWVJHcWw0MDZHd0Zwd0drRXNpb25aeVhWR3BvYTJJYmJ2N0oyQXloZ1R6Q0FiaWFxMXRXMkltY0h6SnNQS2hBZnpVczFHOWRuTS05MmhQZw?oc=5,"Fri, 04 Jul 2025 07:00:00 GMT",Google News IoT,iot,computer
Powering the Ambient IoT with Over-the-Air Wireless Power Networks - EEJournal,https://news.google.com/rss/articles/CBMiowFBVV95cUxPLUdfc01pZEcyc2hUYVRaNVlCclUxeGtHdTYtNU5CMlliX0JyWDlvNzljZ0JWZVZkQWxDSG1OdDJIT3VRYVBINHBKNXZLMGVEa2Zvd3ZMdV84QlBPQzVSMDMyYi1IT0tXTGgwZXFsQl83WVdyallHbzhabHpNdmZkZVZtYml0Y0stWVFqUmhRUW96d3pqOEQ3Zm5PczF4U1RLTUg4?oc=5,"Thu, 31 Jul 2025 07:00:00 GMT",Google News LPWAN,wireless,iot
Nordic Semiconductor simplifies edge AI for billions of IoT devices - PR Newswire,https://news.google.com/rss/articles/CBMiygFBVV95cUxOZVFXQmNVRVRqZ2FmbThVdDctc3pST0t5Tm9PWmtJdjhUSWRKX2RKOGpTVHNrdktDeTlTcEdjY19xa3NFbk5JYnRmS3g2cnJ3Tlpla2pBR2tjTVZVal9UZE43UFlmXzJ4MTFndGY1V2FQQ2dVZTVLVjV0LVhIYUtaYXprZjZtX1I0QVlIXzBZai1ZNm1yQzZLWmgwU3lqcW1QeklVQ3ZyTjJwbWxqOG1lSklFUEZGRlJ5em9NTTVqWW14ajhQWjY0VDd3?oc=5,"Tue, 06 Jan 2026 08:00:00 GMT",Google News LPWAN,wireless,iot
Semtech LoRa Gen 4 addresses low-power wireless range and speed limitations - IoT Now,https://news.google.com/rss/articles/CBMitAFBVV95cUxNWnN0QlZFejc0UDNsNG9GRTFER1ZiWkZfM2wyQlpiTFFwaTVnYVRRNU1jem9ia3dacWIzdU85MUtmallLRE9iazlDWnZsYmNsMUVVbVhiMWk3T3ROeVlCb09aN1hGdlRoVDM3bWktUFlxLXQyemRMR05CWTZFb0NkLTNjdmJjOFpjUzdUdW9faHZHbXE3Z3ZYSDJzUi12RmlPeFhCTThxelBIUmFNQTE3cFRaeU4?oc=5,"Tue, 23 Sep 2025 07:00:00 GMT",Google News LPWAN,wireless,iot
IndieSemiC and Nordic Semiconductor Partner to Develop Certified Wireless Modules for IoT Applications - Autocar Professional,https://news.google.com/rss/articles/CBMi1wFBVV95cUxOYkNpUUpGV0dwMmlQc0ZrQnNCbkdKZXFHN2kxZEgxMFRRSEZ0bUk2Slh4d01aZEFmSjUxVENmYkROa0RoTkZJYXBfRU9BUmFoa0VBQU80M1pIRkxERWw3VDdkMkpfZUhsajVTWXBuUmZBNDhGY3JiaW9UZ292YW96cjRrSWs0M0M3VC1RRDZ1OTBObVBrdGxpXzdZVXlRS1lVZ05IWFpzVXNqcVlIb1NhTkVxWEhLdS1ULUNuekdKS2djMVNQS01Wa2FFbDRlMi1zQnFvNktfSdIB3wFBVV95cUxOLS1yb1RMTEdsRGxtSWFsdmQwWVZNTWNnOFRlcVdObmdZYko3UU5PSVVXSjhpYUYtcWxaWms3ckRqcGVjbjFZbXBTR092RnhKdC1uNWczYXQ3Z3F3bS1ZczVUWXo2ZlhFMVRrYWRTOFpTVEEwaGpUUmpxb0t1MXVLdTNwT3JSbVE5cXpwVW9ocVBSQnEzRzNfUXRFUm1tTGJJMTNvWk1IdlZTYzNxeTJJWFhzWFRIN2NxTDdVWkxKemV0dlpaZzVuaGlhdlBmaFdjWHA2aExwWERudjA4TzBr?oc=5,"Tue, 21 Apr 2026 07:00:00 GMT",Google News LPWAN,wireless,iot
Remember Nikola Tesla’s vision of wireless electricity?: Finland’s researchers successfully transmitted ele... - Bhaskar English,https://news.google.com/rss/articles/CBMivwFBVV95cUxQNXhWY1g2QV90a2NUdnF2ZVVDSEtkYjZpTDhRUVFqODR3ai1nZTJFNjQwUnJsSThYangwMlhkUjczWFdnTDYtbHBNMl9PR1Z1aDM3WjdENXB1aHpMVGYzTFExeER4RElxY0tWcDE2QkxZSUIyaVVqUnFncHBtQklsM2RDTGlId0lQSUlnVjNDRTk2dFlmbVNHV184dnZ4ajlRWE15MGYzMWZDS1R6T0RHVkt5STdTTUVfZFZzblM0RdIBxAFBVV95cUxNWjg2MmFfNWhoNVVhZGVNODluS1RLeFZCODZ3ZU03YmxJRGZKRm5rWVRZWkhSTDdOUHZVS3VkVzlISUV5bkducURMX1FKeEd4Nlo1MjVYRkRoUTdSR2MyYnVjQl9sR0F2bUJ2THBSUzZyTFhQWlF6cnk5TUVoNnlOOTY1S25BU0w1RDRWVTNieV90Mlh4MXNrNjZLVm1sXzQ2Sk83aUJ6SXBQM2RzT0RFN3NyWWJfdWRwa3o4MU5ZU0VfZzhS?oc=5,"Sat, 24 Jan 2026 08:33:42 GMT",Google News LPWAN,wireless,esl
Choosing low power IoT devices to achieve sustainability - Electronic Products & Technology,https://news.google.com/rss/articles/CBMijgFBVV95cUxQVXo1bnVCZWYyeG5XLXZENWdFMTFpN3d2d3puTm5JTExKeHhEZFZfZEZvcTRPNUs0SDFFeGpoZVpwYWZUWlZvRThVUFlhUDVtalNoZFZ6azVnZzE1aW05ZmFGd0N3eGFqaDBFYW1XSjRkUWEySW9CNzlyMzNOaURJQUw4WHI5TzZkQ3EtbzlR?oc=5,"Mon, 11 Mar 2024 07:00:00 GMT",Google News LPWAN,wireless,iot
STMicroelectronics intros two new MCU series for ultra low-power IoT - RCR Wireless News,https://news.google.com/rss/articles/CBMidEFVX3lxTFBmN2xXZ0hEWlE5bm5DMmpWY2FvYTlqV0xqVXlPbG5qUGtHMzFsaENkTk9GZEdYTFBJZUFTcXZRUDlBb3NPWERwcXVPM1QwWmNHZGhHT0dQRjJpN1JPeTNVd01rWkdveXdvdDVQNG9CWWFHenkw?oc=5,"Thu, 06 Mar 2025 08:00:00 GMT",Google News LPWAN,wireless,iot
Six verticals for Wi-Fi HaLow – as Wi-Fi crowd preps new low-power IoT contender - RCR Wireless News,https://news.google.com/rss/articles/CBMixwFBVV95cUxQeDRMQXo3d2ZqYjVzTWlfYnR3empzZl9MU3JCd1VSREg2TXBKd3NWdm5sMF9ERjBvS25xZ19EektoVHpKMlE4QlNHTGU2TlQ3blFFTlBHUWdLSUdLZS10MDJuVy1jTmtPRjNmQXJRTHE1QmplVTh3NnlhdnlLcGZFa2VyaENPQVF5M0V5YzB5Z1kxN1piVFlUMlNuOXE4UHNRckw1dkV0UUU4RU8zWUhIaUVQWG11LUR2WGVEZ3Rwb1E2NGs2SEVj?oc=5,"Fri, 26 Jan 2024 08:00:00 GMT",Google News LPWAN,wireless,iot
Power on – a billion ambient IoT devices by 2030 - RCR Wireless News,https://news.google.com/rss/articles/CBMigAFBVV95cUxQNHlvdFNZM0xyekpoUmxFbi1UYkhKdTAzMFA5aVdoTjd6Wmc2WGtTZDhFNHZMTm9pc20zaTViM0JFMGxnZ1d5VWM0VExZNDJGY01kZmZEclkzb1Q1VzZHR2tGWFhGZ0NyYWJiSzVJNEJxYVRfUXBFamt2T29Kd0Rueg?oc=5,"Fri, 25 Apr 2025 07:00:00 GMT",Google News LPWAN,wireless,iot
How to test IoT device wireless capabilities - eeworldonline.com,https://news.google.com/rss/articles/CBMiUEFVX3lxTFBuQl9RRjJmbmMxbUQ0bzkteFZveWdzQTZ2MU81UXo1T3pPOXFnRGpxRHpReEwzMkp0RWE5SGFEODlkMlZEamVfR3U1anhHQTAt?oc=5,"Tue, 21 Jan 2025 08:00:00 GMT",Google News LPWAN,wireless,iot
Thread vs Bluetooth: The IoT battle of low-power protocols (Reader Forum) - RCR Wireless News,https://news.google.com/rss/articles/CBMixAFBVV95cUxPN1lMWXRnY3A3US1XZ092QlFjSVJQTHZBQmZkS1lCcjZvVHpqMmxUdUliOW9JaGFQRFBiOFE3RXZuRTRxdzZaMUtzYkUtdEpPWHZDQ3NVcE85ajBRbjlobU1FMHpnQk1IVW1NeHNPTlZOU2NmM1B3U1JCZnlVbXBmMXFxRm9wbVZGWk13eFBTa0VONWgzXzBMTV9vdnZGeXhNLTQxdnZNWmdia05iZXIwMlZJODYtOFVjYXhSOWxWcEJDYmxp?oc=5,"Fri, 24 Sep 2021 07:00:00 GMT",Google News LPWAN,wireless,iot
Optimized Sub-GHz Band Wi-SUN FAN 1.1 Solution for Wireless IoT Networks - Renesas Electronics,https://news.google.com/rss/articles/CBMiogFBVV95cUxNVVg2NlhpekVrMHFsVjJLZmNXcDBrem11NzVwMXEwVTl3aTc0RkN4NEFucmM2UXdXcFBOVkQyUkM1Q2pielZUOVI3MFBWYVVUMzZwYVFNRmRDaFVtem9FVkx3WjdYbHlQamxxSjc1TG93UGZxc1F1b0NraGcyNWVNOF9TdmhKQzI2QzNBQ1BFMEN1Uy1yeERTc0xXYmhrUUU0WFE?oc=5,"Wed, 17 May 2023 07:00:00 GMT",Google News LPWAN,wireless,iot
Understanding How RFID and IoT Solutions Are Transforming Patient Care - IoT For All,https://news.google.com/rss/articles/CBMiW0FVX3lxTFBtRDRZQTRPM0p4YV9ybWJ5NDFIUVJGMXFfdlNCZDFqRlhFMW5fR3Q4bE5ZbDZ0TzF3WUEzbjVhM2o4ZFA0M3l4SW5EWVRQWVFEd2VOdGJDMTNfZzA?oc=5,"Thu, 25 Sep 2025 07:00:00 GMT",Google News Healthcare IoT,healthcare,iot
What is the Internet of Things (IoT)? - IBM,https://news.google.com/rss/articles/CBMiYEFVX3lxTFBjVGp5cXRJaF8xdDF6dWsyTm1HRUhpMDdGV0FxNER0MmZFZDBUM2doaHQ1X3NBclc4ZHIwSFdFeDFVVkJHM1N5T2RmcC1KWEtfbEJxTlR3X3Vrd19aVFpEeg?oc=5,"Wed, 18 Dec 2024 04:32:33 GMT",Google News Healthcare IoT,healthcare,iot
Top 5 Industries Benefiting from the Infusion of IoT Applications - Airtel,https://news.google.com/rss/articles/CBMilgFBVV95cUxQbU9lWVRiZU42UGJtejVlVndORWFZQXZuNE9VOXItWTYxQnhFaTFnM3NwVGtOUUFDZWRxV1BtNktaRWNoVWpYdXY0YW1NTlVLd1ZaQWJaVTBEbVozSGxPODBVdHE3LXpYeHpxNWhaSDZReUxhel80emhsajRhU1hwaWk1aGxPYWREcVJfNzhkZklDZ09CeWc?oc=5,"Thu, 14 Jul 2022 07:00:00 GMT",Google News Healthcare IoT,healthcare,iot
"Aptiv and Comau to co-develop next-generation solutions for robotics, autonomous systems and industrial logistics - IoT Now",https://news.google.com/rss/articles/CBMi5gFBVV95cUxPXzlhYUhQRlpySFBEM2dhUURfSVJWMm9YLWFLTkdzdzNNS1hhb25Mbm9zdWMxSHl6TDdKMTk2bnd4WXNPTFRCeXlwcVhlWm9uTHd1Mzg2UlNMdWRXSFM1UkVVbFhkeG12TGVBTVJ4MmZONVpVU0EtaEo0c0tKb01FdVNFdVlPVkRxV3BYSmV1WWsyc1BhSjUtakpzMUd5Y2pyZWlJWWlDME5WaVZvX1RGZFRNQmdJcDVJOGNyTDNQR2ppX2FleUxBeTRBYS1qdXlWZDRGZGlBOGFqcFN6OHJ0RkRvbWlOQQ?oc=5,"Thu, 07 May 2026 07:00:00 GMT",Google News Logistics Automation,logistics,iot
IoT and Real-Time Cold Chain Monitoring in Pharma Logistics - IoT For All,https://news.google.com/rss/articles/CBMiW0FVX3lxTFAxUzFKa2c4V0NwaVFISUh6NnRpN01FVEp2RkxiLWU0MS1vM01kSXZuQ2lScjlPeEltWkhhTzlUV0tjNGw5S0JNVW03OXVHanczRjNobTFoWmQ2ajQ?oc=5,"Sun, 17 Aug 2025 07:00:00 GMT",Google News Cold Chain Monitoring,logistics,iot
"IoT-Based Cold Chain in Agri-Logistics Market Size, Share and Forecast 2025-2034 - Insightace Analytic",https://news.google.com/rss/articles/CBMilwFBVV95cUxOSDZHQ3lKakJVX29hUmYtNUI5SmFGY3pSdUcxeFlSR2NCV080VUpQajBUME81MXdyMGQtTGtiRHlrZTQzZUxJTlUwNEtQVVp3eDZIVFhYTEd3SEFyR2VzMjZ6bUdGSEVuWWx2aGxsZUlMRGlhdlY3ZEtwWEdxTTE3dmZ4WmdGa2F2ZFh3Nng4ZGdCVzFDZEs4?oc=5,"Mon, 01 Sep 2025 07:00:00 GMT",Google News Cold Chain Monitoring,logistics,iot
Willog and ICCA(Indonesia Cold-Chain Association) Partner to Innovate Indonesia's Cold-Chain Infrastructure with K-logistics AIoT Solutions - PR Newswire,https://news.google.com/rss/articles/CBMinAJBVV95cUxOX0xxaXNwQnUzREdza0NIeHNpR1Y2TEh5d2t2WGFmcHhia3BXelliRkI2M09YNGxOdDNvT2hON01iU3IyNFRWWDBlcnl2TXFwTWNuWWJlcDlvODJQSFItX0hWVHhfbHFORUpXOUhraFJ6SWIyNHVSQW9XTHozcmttYjRFMGFCdGViM2RtdlMxVVoyMDR6Ymt5cEtPQ0xySXVrak9fU3FCRGRReDNxaFNoSm5FcjhpMDA2a29kbnUtQUxuYUxkOTY3YUJSXzdadjJJOFAwd2dQdGpfTzNsTUxrMkZkVUJ0TDB3b3JGR0pxNkR1Mm9RZjA5WGw1Vi1sVjRqN0lXbmp6Z2dMd012b0o1WGYxTnpOR3p1QVZfMQ?oc=5,"Mon, 22 Sep 2025 07:00:00 GMT",Google News Cold Chain Monitoring,logistics,iot
